id,username,email,created_at
1,emberorbit96,emberorbit96@acme.dev,2024-03-10 12:15:09
2,vividbeacon19,vividbeacon19@hackstack.io,2025-04-06 19:45:22
3,harborpioneer69,harborpioneer69@acme.dev,2025-09-17 08:20:47
4,rapidnetwork77,rapidnetwork77@relay.cloud,2025-11-21 23:37:56
5,keentrail97,keentrail97@opswise.net,2025-04-01 04:22:09
6,vividfield19,vividfield19@hackstack.io,2026-01-27 06:43:57
7,clearpioneer20,clearpioneer20@example.com,2025-08-22 14:09:25
8,quietanchor01,quietanchor01@opswise.net,2024-10-11 16:27:34
9,goldyard02,goldyard02@hackstack.io,2024-04-20 17:21:59
10,clearriver09,clearriver09@relay.cloud,2025-10-03 18:51:33
11,goldpioneer37,goldpioneer37@hackstack.io,2025-06-21 18:49:31
12,proudpioneer81,proudpioneer81@opswise.net,2025-04-04 22:26:28
13,proudcanyon88,proudcanyon88@opswise.net,2024-08-01 19:43:44
14,amberlagoon80,amberlagoon80@acme.dev,2025-05-01 05:07:54
15,harborwindow80,harborwindow80@acme.dev,2025-08-22 06:00:11
16,livelyanchor61,livelyanchor61@opswise.net,2025-05-01 02:32:22
17,emberanchor95,emberanchor95@acme.dev,2025-10-09 03:08:52
18,vividorbit59,vividorbit59@opswise.net,2025-02-22 14:36:07
19,mellowengine69,mellowengine69@relay.cloud,2025-01-07 00:56:23
20,warmisland72,warmisland72@example.com,2024-03-21 19:25:41
21,forestnetwork04,forestnetwork04@seeded.app,2025-08-24 12:21:28
22,goldquartz38,goldquartz38@hackstack.io,2025-10-19 19:29:51
23,jadeanchor30,jadeanchor30@acme.dev,2024-06-28 23:02:33
24,opalanchor16,opalanchor16@opswise.net,2025-03-03 13:53:51
25,vividzenith55,vividzenith55@seeded.app,2024-06-19 12:20:18
26,tidydelta76,tidydelta76@hackstack.io,2024-04-28 16:55:39
27,silvertrail57,silvertrail57@example.com,2025-07-15 00:55:28
28,opalengine96,opalengine96@opswise.net,2026-01-30 20:56:19
29,livelynetwork12,livelynetwork12@hackstack.io,2024-11-09 09:17:59
30,urbandelta70,urbandelta70@hackstack.io,2025-08-19 04:27:01
31,calmuplink97,calmuplink97@example.com,2025-07-28 08:26:51
32,dawndelta19,dawndelta19@acme.dev,2025-08-02 19:26:32
33,mellowgarden96,mellowgarden96@relay.cloud,2024-05-23 07:21:26
34,goldquartz59,goldquartz59@seeded.app,2024-03-22 03:11:36
35,forestfield98,forestfield98@hackstack.io,2024-03-15 06:19:43
36,amberyard64,amberyard64@seeded.app,2024-05-24 12:52:59
37,ivorynetwork11,ivorynetwork11@acme.dev,2024-06-26 23:38:26
38,silverjourney78,silverjourney78@relay.cloud,2024-10-09 16:04:20
39,clearjourney70,clearjourney70@example.com,2024-11-02 23:26:45
40,dawnbeacon08,dawnbeacon08@seeded.app,2024-08-31 07:37:31
41,proudmeadow75,proudmeadow75@relay.cloud,2025-08-29 07:21:10
42,cobaltlagoon47,cobaltlagoon47@relay.cloud,2025-04-14 10:04:34
43,forestcanyon61,forestcanyon61@example.com,2025-10-16 00:57:07
44,warmanchor74,warmanchor74@opswise.net,2025-10-17 09:16:45
45,rapidnetwork87,rapidnetwork87@relay.cloud,2025-07-25 00:45:13
46,youngjourney55,youngjourney55@opswise.net,2024-01-05 10:06:18
47,opalzenith80,opalzenith80@example.com,2024-05-10 03:45:46
48,vividbeacon14,vividbeacon14@hackstack.io,2024-06-14 06:51:59
49,urbanorbit46,urbanorbit46@opswise.net,2025-05-07 11:47:59
50,goldgarden40,goldgarden40@example.com,2024-05-10 09:26:06
51,navyuplink38,navyuplink38@opswise.net,2024-09-28 02:05:53
52,proudzenith26,proudzenith26@relay.cloud,2025-03-15 15:50:29
53,dawnzenith04,dawnzenith04@hackstack.io,2025-05-21 04:43:00
54,keencanyon55,keencanyon55@example.com,2025-07-29 06:23:34
55,mellowpioneer27,mellowpioneer27@opswise.net,2025-09-12 13:26:21
56,amberanchor36,amberanchor36@hackstack.io,2025-09-13 22:19:52
57,warmanchor95,warmanchor95@example.com,2025-07-24 05:16:01
58,clearanchor75,clearanchor75@acme.dev,2025-11-06 05:54:55
59,warmyard91,warmyard91@acme.dev,2024-03-31 03:22:25
60,clearvalley44,clearvalley44@hackstack.io,2024-10-17 18:41:41
61,ambernetwork80,ambernetwork80@opswise.net,2025-01-30 21:47:38
62,mellowzenith89,mellowzenith89@acme.dev,2025-11-04 03:01:23
63,youngriver22,youngriver22@seeded.app,2025-04-26 15:29:28
64,mellowmeadow47,mellowmeadow47@relay.cloud,2024-01-30 13:44:46
65,opalgarden89,opalgarden89@relay.cloud,2025-06-30 20:16:46
66,urbanlagoon53,urbanlagoon53@example.com,2024-06-16 08:35:07
67,emberriver35,emberriver35@opswise.net,2025-03-18 05:21:42
68,calmdelta82,calmdelta82@acme.dev,2025-01-10 14:23:03
69,dawnyard80,dawnyard80@acme.dev,2024-03-26 06:51:34
70,cobalttrail42,cobalttrail42@relay.cloud,2025-11-13 07:43:37
71,silverpioneer04,silverpioneer04@seeded.app,2025-05-03 04:35:14
72,briskriver83,briskriver83@relay.cloud,2025-02-13 12:44:14
73,ivoryzenith04,ivoryzenith04@opswise.net,2025-12-05 12:54:59
74,briskzenith04,briskzenith04@acme.dev,2024-07-28 04:59:01
75,proudgarden28,proudgarden28@hackstack.io,2025-11-04 04:22:45
76,mellowharvest47,mellowharvest47@seeded.app,2024-05-02 09:33:02
77,cobaltcanyon26,cobaltcanyon26@relay.cloud,2024-12-18 16:50:52
78,youngmeadow05,youngmeadow05@acme.dev,2024-06-10 10:31:35
79,livelywindow55,livelywindow55@acme.dev,2025-07-19 08:59:33
80,harborkernel07,harborkernel07@seeded.app,2025-10-02 01:30:10
81,navydelta25,navydelta25@example.com,2025-03-17 02:25:21
82,opaljourney67,opaljourney67@example.com,2024-10-28 00:49:03
83,cobaltbeacon40,cobaltbeacon40@seeded.app,2025-03-05 19:08:23
84,proudzenith44,proudzenith44@acme.dev,2024-01-25 23:03:16
85,tidykernel13,tidykernel13@seeded.app,2026-01-02 20:16:30
86,silverzenith59,silverzenith59@opswise.net,2025-06-03 15:52:59
87,navygarden43,navygarden43@acme.dev,2024-07-22 20:59:33
88,calmanchor74,calmanchor74@hackstack.io,2024-05-30 03:47:37
89,harbornetwork69,harbornetwork69@example.com,2025-12-25 01:41:35
90,harborpioneer79,harborpioneer79@relay.cloud,2025-10-15 08:56:45
91,briskjourney21,briskjourney21@opswise.net,2025-12-21 13:35:32
92,tidymeadow18,tidymeadow18@example.com,2025-08-04 01:09:33
93,livelymeadow14,livelymeadow14@example.com,2025-10-29 13:18:29
94,proudtrail02,proudtrail02@hackstack.io,2024-07-22 20:56:36
95,navysignal87,navysignal87@acme.dev,2024-04-09 04:15:44
96,jadejourney46,jadejourney46@example.com,2024-02-16 10:36:40
97,proudkernel26,proudkernel26@seeded.app,2025-08-02 17:37:56
98,cobaltquartz73,cobaltquartz73@hackstack.io,2025-03-07 09:42:27
99,rapidvalley49,rapidvalley49@opswise.net,2025-04-10 11:44:23
100,opalquartz14,opalquartz14@hackstack.io,2025-04-02 18:25:03
101,cobaltyard66,cobaltyard66@opswise.net,2024-09-12 13:02:14
102,clearzenith43,clearzenith43@opswise.net,2024-08-22 16:29:12
103,mellowzenith57,mellowzenith57@seeded.app,2024-04-07 11:52:41
104,quietkernel89,quietkernel89@relay.cloud,2025-07-07 19:58:19
105,goldharvest28,goldharvest28@seeded.app,2025-09-09 08:22:13
106,goldengine01,goldengine01@seeded.app,2025-02-03 12:11:40
107,ivorycanyon84,ivorycanyon84@relay.cloud,2025-01-23 09:43:18
108,cobaltengine85,cobaltengine85@example.com,2024-01-15 23:16:32
109,clearharvest50,clearharvest50@acme.dev,2025-09-23 22:59:41
110,livelyuplink02,livelyuplink02@acme.dev,2024-05-16 20:42:39
111,forestnetwork40,forestnetwork40@hackstack.io,2024-11-14 18:40:21
112,briskuplink71,briskuplink71@acme.dev,2024-12-31 18:12:37
113,rapidanchor29,rapidanchor29@acme.dev,2025-06-04 19:49:53
114,jadepioneer34,jadepioneer34@example.com,2025-05-18 22:53:36
115,clearmeadow21,clearmeadow21@opswise.net,2025-06-06 06:51:48
116,warmengine75,warmengine75@example.com,2025-07-07 11:24:21
117,amberzenith24,amberzenith24@hackstack.io,2025-03-26 08:46:55
118,calmsignal36,calmsignal36@seeded.app,2025-01-27 01:05:47
119,goldfield51,goldfield51@hackstack.io,2024-02-24 11:58:50
120,warmquartz74,warmquartz74@acme.dev,2024-08-23 10:00:27
121,harboruplink50,harboruplink50@opswise.net,2025-01-13 12:03:04
122,mellowgarden91,mellowgarden91@example.com,2024-10-13 11:02:13
123,quietnetwork70,quietnetwork70@example.com,2024-05-26 04:43:46
124,mellowyard74,mellowyard74@seeded.app,2026-01-05 05:50:07
125,calmlagoon02,calmlagoon02@example.com,2025-10-17 11:59:42
126,warmzenith53,warmzenith53@example.com,2026-01-09 21:32:56
127,cleardelta42,cleardelta42@acme.dev,2024-09-07 12:25:23
128,tidynetwork62,tidynetwork62@example.com,2025-02-12 04:56:20
129,silveranchor96,silveranchor96@example.com,2025-11-25 10:06:14
130,tidymeadow66,tidymeadow66@example.com,2025-07-20 05:50:17
131,keenisland77,keenisland77@opswise.net,2024-09-16 12:35:25
132,clearengine95,clearengine95@seeded.app,2024-01-09 18:25:42
133,ivorynetwork72,ivorynetwork72@seeded.app,2025-02-21 17:55:32
134,warmyard68,warmyard68@acme.dev,2025-09-27 22:43:21
135,clearorbit37,clearorbit37@opswise.net,2025-01-04 13:48:03
136,mellowfield96,mellowfield96@example.com,2025-04-23 17:27:02
137,calmyard50,calmyard50@example.com,2024-10-01 07:40:59
138,calmquartz81,calmquartz81@seeded.app,2025-06-26 09:33:54
139,vividkernel11,vividkernel11@seeded.app,2025-03-08 02:54:32
140,clearengine96,clearengine96@acme.dev,2024-04-20 14:56:10
141,livelyharvest01,livelyharvest01@example.com,2024-01-06 22:33:14
142,clearzenith52,clearzenith52@opswise.net,2024-03-14 22:48:23
143,livelyuplink16,livelyuplink16@hackstack.io,2025-01-12 15:36:07
144,keengarden91,keengarden91@seeded.app,2024-10-23 12:51:18
145,livelyharvest06,livelyharvest06@hackstack.io,2024-08-17 02:10:19
146,silverjourney92,silverjourney92@hackstack.io,2024-01-09 02:39:51
147,mellowisland46,mellowisland46@hackstack.io,2024-07-17 01:20:34
148,harbortrail89,harbortrail89@relay.cloud,2024-11-07 22:21:10
149,mellowwindow21,mellowwindow21@seeded.app,2024-01-26 07:32:01
150,mellownetwork42,mellownetwork42@opswise.net,2024-05-20 00:57:13
151,rapidcanyon04,rapidcanyon04@seeded.app,2025-06-28 14:45:19
152,cleardelta58,cleardelta58@relay.cloud,2025-09-07 09:36:05
153,warmyard09,warmyard09@opswise.net,2024-06-30 02:49:22
154,ivorygarden35,ivorygarden35@acme.dev,2025-03-15 00:26:49
155,silverkernel26,silverkernel26@hackstack.io,2025-04-17 22:51:54
156,cobaltyard04,cobaltyard04@seeded.app,2024-05-02 11:57:27
157,jadeorbit90,jadeorbit90@example.com,2024-08-18 11:52:51
158,goldisland27,goldisland27@opswise.net,2024-09-26 07:31:07
159,forestlagoon52,forestlagoon52@example.com,2024-06-12 09:35:46
160,rapidisland19,rapidisland19@acme.dev,2026-01-31 00:07:48
161,briskdelta17,briskdelta17@seeded.app,2024-03-29 21:29:54
162,calmcanyon79,calmcanyon79@example.com,2025-02-05 00:51:37
163,forestjourney13,forestjourney13@example.com,2025-12-24 05:20:17
164,navyjourney67,navyjourney67@seeded.app,2025-10-24 23:42:09
165,briskengine62,briskengine62@seeded.app,2025-04-16 03:22:18
166,calmgarden62,calmgarden62@seeded.app,2025-03-30 22:45:50
167,clearjourney27,clearjourney27@relay.cloud,2024-02-16 10:35:45
168,warmjourney10,warmjourney10@example.com,2025-07-12 22:43:29
169,youngisland77,youngisland77@relay.cloud,2024-12-05 19:58:08
170,calmsignal85,calmsignal85@example.com,2024-10-31 00:49:51
171,tidycanyon27,tidycanyon27@relay.cloud,2024-07-08 02:51:38
172,rapidriver27,rapidriver27@acme.dev,2025-01-25 14:32:37
173,briskengine74,briskengine74@seeded.app,2024-10-22 19:19:11
174,mellowpioneer21,mellowpioneer21@hackstack.io,2024-07-26 04:45:56
175,emberanchor01,emberanchor01@relay.cloud,2024-06-17 02:35:08
176,livelykernel51,livelykernel51@opswise.net,2024-02-02 09:37:23
177,ivorycanyon77,ivorycanyon77@acme.dev,2024-02-23 08:13:58
178,warmuplink97,warmuplink97@hackstack.io,2024-11-17 15:51:46
179,jadepioneer57,jadepioneer57@seeded.app,2024-12-14 12:59:23
180,clearorbit89,clearorbit89@acme.dev,2024-08-02 00:39:09
181,livelyquartz46,livelyquartz46@seeded.app,2024-10-16 22:32:36
182,youngengine60,youngengine60@seeded.app,2025-08-11 07:11:18
183,amberfield92,amberfield92@seeded.app,2025-06-25 09:00:48
184,goldisland50,goldisland50@acme.dev,2024-02-26 08:18:02
185,ivoryzenith49,ivoryzenith49@opswise.net,2025-11-15 17:31:17
186,opalzenith27,opalzenith27@hackstack.io,2025-12-30 07:39:58
187,livelygarden71,livelygarden71@acme.dev,2026-01-27 18:33:48
188,livelyharvest44,livelyharvest44@opswise.net,2025-01-24 01:03:29
189,quietengine93,quietengine93@hackstack.io,2025-06-29 02:25:06
190,quietkernel97,quietkernel97@acme.dev,2025-01-29 19:54:19
191,navybeacon74,navybeacon74@seeded.app,2024-07-29 10:17:53
192,keenmeadow66,keenmeadow66@opswise.net,2024-12-29 00:08:07
193,silverwindow63,silverwindow63@hackstack.io,2025-09-14 17:11:43
194,urbanvalley79,urbanvalley79@seeded.app,2025-02-18 11:56:27
195,youngorbit68,youngorbit68@acme.dev,2024-07-01 02:54:02
196,clearvalley18,clearvalley18@opswise.net,2025-03-14 20:39:57
197,harbordelta01,harbordelta01@example.com,2024-10-29 18:38:32
198,vividengine33,vividengine33@acme.dev,2024-08-28 09:08:33
199,keennetwork04,keennetwork04@acme.dev,2024-11-01 19:59:14
200,dawnengine69,dawnengine69@seeded.app,2025-03-05 22:01:35
201,proudisland21,proudisland21@opswise.net,2025-11-13 13:05:35
202,livelytrail12,livelytrail12@hackstack.io,2025-06-06 13:55:16
203,mellownetwork40,mellownetwork40@opswise.net,2024-12-24 11:01:13
204,clearjourney52,clearjourney52@relay.cloud,2024-02-06 17:56:19
205,urbancanyon95,urbancanyon95@opswise.net,2025-11-06 17:29:34
206,goldbeacon41,goldbeacon41@seeded.app,2025-04-21 03:12:24
207,goldisland29,goldisland29@hackstack.io,2024-02-07 08:16:02
208,proudanchor87,proudanchor87@acme.dev,2024-05-20 21:29:11
209,goldgarden68,goldgarden68@relay.cloud,2025-04-10 03:28:11
210,silverbeacon93,silverbeacon93@opswise.net,2024-05-29 22:10:28
211,vividsignal82,vividsignal82@relay.cloud,2024-03-24 19:02:07
212,navyzenith66,navyzenith66@seeded.app,2024-10-05 17:27:15
213,tidyzenith76,tidyzenith76@relay.cloud,2024-12-08 15:06:16
214,clearkernel53,clearkernel53@acme.dev,2024-07-06 13:35:36
215,ivoryzenith96,ivoryzenith96@hackstack.io,2024-01-28 13:52:33
216,quietpioneer94,quietpioneer94@acme.dev,2024-10-22 23:11:02
217,emberyard92,emberyard92@acme.dev,2025-03-16 18:43:47
218,dawnzenith46,dawnzenith46@example.com,2025-05-23 00:57:21
219,warmsignal83,warmsignal83@hackstack.io,2025-07-29 22:25:49
220,goldharvest24,goldharvest24@seeded.app,2024-08-27 23:31:13
221,livelyquartz62,livelyquartz62@acme.dev,2025-11-12 21:16:54
222,harborwindow38,harborwindow38@relay.cloud,2025-07-31 21:21:51
223,youngwindow83,youngwindow83@acme.dev,2024-08-15 23:58:02
224,clearfield69,clearfield69@opswise.net,2026-01-20 15:39:28
225,harboruplink20,harboruplink20@opswise.net,2024-05-14 13:44:25
226,emberpioneer94,emberpioneer94@relay.cloud,2025-03-04 13:59:26
227,briskpioneer21,briskpioneer21@example.com,2024-05-23 21:33:10
228,quietanchor71,quietanchor71@opswise.net,2024-02-03 17:56:52
229,navyyard55,navyyard55@seeded.app,2025-11-26 16:34:20
230,calmquartz39,calmquartz39@example.com,2024-05-06 04:06:31
231,amberkernel14,amberkernel14@opswise.net,2024-12-23 01:41:32
232,keenisland94,keenisland94@example.com,2025-01-25 11:13:00
233,calmnetwork02,calmnetwork02@acme.dev,2024-04-05 00:46:49
234,keenzenith29,keenzenith29@example.com,2025-08-10 08:59:15
235,briskanchor51,briskanchor51@seeded.app,2025-02-08 01:19:52
236,briskjourney72,briskjourney72@seeded.app,2024-02-04 21:01:00
237,navylagoon08,navylagoon08@acme.dev,2024-05-24 20:00:36
238,proudnetwork99,proudnetwork99@acme.dev,2025-10-13 04:47:18
239,ivoryzenith07,ivoryzenith07@relay.cloud,2024-07-24 04:19:56
240,dawncanyon76,dawncanyon76@opswise.net,2024-10-06 05:32:37
241,mellowdelta67,mellowdelta67@opswise.net,2024-01-23 06:48:09
242,harborlagoon26,harborlagoon26@hackstack.io,2024-11-28 20:45:58
243,opalzenith08,opalzenith08@example.com,2026-01-13 05:50:58
244,vividtrail60,vividtrail60@relay.cloud,2025-10-04 19:37:32
245,calmkernel74,calmkernel74@opswise.net,2025-07-07 18:11:14
246,ivoryquartz10,ivoryquartz10@seeded.app,2025-12-28 04:28:04
247,livelyorbit47,livelyorbit47@relay.cloud,2025-03-27 09:01:15
248,clearengine24,clearengine24@opswise.net,2025-02-15 18:13:30
249,warmcanyon68,warmcanyon68@hackstack.io,2024-09-26 13:55:20
250,silverzenith41,silverzenith41@acme.dev,2025-06-24 19:05:03
251,forestquartz32,forestquartz32@hackstack.io,2024-04-09 17:15:27
252,harborriver62,harborriver62@opswise.net,2024-10-02 08:39:05
253,mellowriver76,mellowriver76@acme.dev,2024-06-06 07:56:32
254,tidyengine34,tidyengine34@opswise.net,2025-05-22 02:17:34
255,clearjourney74,clearjourney74@seeded.app,2025-10-22 07:59:40
256,quietquartz44,quietquartz44@seeded.app,2024-08-28 00:17:23
257,rapidvalley93,rapidvalley93@acme.dev,2025-03-14 01:12:37
258,rapidengine79,rapidengine79@opswise.net,2025-02-15 11:38:34
259,tidyjourney70,tidyjourney70@opswise.net,2025-04-22 10:15:27
260,goldpioneer88,goldpioneer88@seeded.app,2025-11-12 20:34:21
261,warmfield47,warmfield47@seeded.app,2025-01-14 01:45:40
262,mellowkernel78,mellowkernel78@example.com,2024-10-10 16:27:15
263,emberlagoon58,emberlagoon58@hackstack.io,2024-10-09 01:51:04
264,clearharvest25,clearharvest25@relay.cloud,2025-05-03 15:53:46
265,mellowpioneer45,mellowpioneer45@seeded.app,2025-08-01 01:10:09
266,clearharvest29,clearharvest29@relay.cloud,2025-02-20 23:00:08
267,amberlagoon94,amberlagoon94@opswise.net,2025-01-13 12:50:57
268,keenharvest67,keenharvest67@acme.dev,2025-06-25 11:20:46
269,rapidorbit96,rapidorbit96@hackstack.io,2025-11-22 04:48:08
270,goldnetwork35,goldnetwork35@example.com,2024-05-31 00:27:03
271,clearzenith38,clearzenith38@example.com,2024-01-11 22:41:09
272,amberdelta75,amberdelta75@hackstack.io,2025-03-03 09:31:31
273,navypioneer83,navypioneer83@opswise.net,2024-01-16 05:43:54
274,urbanfield37,urbanfield37@opswise.net,2025-04-28 03:43:25
275,jadewindow38,jadewindow38@relay.cloud,2024-12-15 05:47:01
276,dawnwindow73,dawnwindow73@seeded.app,2025-01-05 09:52:16
277,opalgarden43,opalgarden43@example.com,2025-10-12 01:39:30
278,rapidsignal55,rapidsignal55@acme.dev,2024-02-25 00:06:13
279,quietdelta35,quietdelta35@hackstack.io,2025-04-21 03:52:31
280,proudjourney26,proudjourney26@hackstack.io,2024-07-02 03:59:07
281,cobaltgarden07,cobaltgarden07@hackstack.io,2025-11-15 01:35:22
282,cobalttrail35,cobalttrail35@opswise.net,2025-10-20 07:12:35
283,younganchor63,younganchor63@relay.cloud,2025-03-31 03:02:27
284,harborcanyon63,harborcanyon63@seeded.app,2024-03-12 09:48:53
285,rapidfield89,rapidfield89@acme.dev,2024-08-31 14:45:00
286,vividanchor34,vividanchor34@seeded.app,2026-01-08 19:06:52
287,vividengine85,vividengine85@acme.dev,2025-11-18 12:35:12
288,ivoryuplink84,ivoryuplink84@example.com,2025-04-23 00:46:10
289,clearyard56,clearyard56@example.com,2025-04-23 03:05:23
290,tidyuplink84,tidyuplink84@opswise.net,2025-05-21 09:51:44
291,quietquartz62,quietquartz62@seeded.app,2024-01-19 20:21:30
292,keenfield51,keenfield51@example.com,2024-11-11 02:18:53
293,quietanchor38,quietanchor38@opswise.net,2025-01-20 23:06:26
294,warmlagoon18,warmlagoon18@relay.cloud,2025-12-09 14:47:47
295,quietzenith19,quietzenith19@example.com,2025-03-16 06:19:03
296,amberjourney15,amberjourney15@example.com,2025-05-17 05:58:13
297,goldpioneer84,goldpioneer84@example.com,2025-12-06 20:08:11
298,calmfield71,calmfield71@acme.dev,2025-09-13 10:25:30
299,navyriver90,navyriver90@example.com,2024-06-26 21:09:34
300,warmbeacon86,warmbeacon86@relay.cloud,2024-09-14 22:58:02
301,clearnetwork64,clearnetwork64@seeded.app,2024-12-24 18:18:21
302,calmbeacon82,calmbeacon82@acme.dev,2025-09-22 06:06:37
303,livelyriver04,livelyriver04@example.com,2024-08-07 20:06:36
304,livelyuplink57,livelyuplink57@example.com,2024-05-30 03:21:36
305,proudanchor44,proudanchor44@relay.cloud,2025-01-18 09:29:03
306,warmriver49,warmriver49@example.com,2025-08-12 18:46:04
307,dawnriver18,dawnriver18@seeded.app,2024-04-24 08:57:25
308,amberanchor37,amberanchor37@relay.cloud,2024-03-07 20:27:34
309,ivoryvalley16,ivoryvalley16@hackstack.io,2025-08-06 06:50:00
310,harborpioneer01,harborpioneer01@opswise.net,2025-09-24 12:52:53
311,calmnetwork39,calmnetwork39@example.com,2025-11-26 21:48:43
312,amberzenith07,amberzenith07@acme.dev,2026-01-16 15:23:26
313,forestquartz77,forestquartz77@relay.cloud,2025-01-28 19:48:55
314,jadelagoon59,jadelagoon59@relay.cloud,2024-07-15 22:44:36
315,quietlagoon84,quietlagoon84@opswise.net,2024-09-09 13:22:27
316,livelyfield81,livelyfield81@opswise.net,2025-03-23 09:54:28
317,emberisland84,emberisland84@hackstack.io,2024-12-10 01:08:35
318,cobaltzenith93,cobaltzenith93@example.com,2025-04-19 10:22:32
319,urbanfield41,urbanfield41@relay.cloud,2025-10-02 16:12:54
320,goldzenith62,goldzenith62@acme.dev,2024-10-01 15:02:30
321,calmanchor42,calmanchor42@hackstack.io,2025-09-12 16:27:52
322,amberfield83,amberfield83@acme.dev,2025-11-24 10:55:38
323,jadebeacon62,jadebeacon62@acme.dev,2024-04-07 08:32:58
324,forestriver47,forestriver47@opswise.net,2024-01-16 22:54:02
325,clearmeadow16,clearmeadow16@example.com,2025-03-19 21:39:35
326,urbanpioneer63,urbanpioneer63@relay.cloud,2024-12-25 08:47:43
327,youngnetwork47,youngnetwork47@example.com,2024-08-12 07:24:43
328,harborisland30,harborisland30@seeded.app,2024-01-22 08:06:48
329,calmcanyon32,calmcanyon32@example.com,2024-04-20 16:37:55
330,calmtrail87,calmtrail87@example.com,2024-06-10 19:19:45
331,warmengine01,warmengine01@acme.dev,2024-02-01 21:23:21
332,cobaltfield07,cobaltfield07@seeded.app,2024-12-28 18:06:38
333,urbankernel76,urbankernel76@relay.cloud,2024-12-20 01:40:02
334,amberdelta19,amberdelta19@acme.dev,2024-07-10 02:43:35
335,calmbeacon89,calmbeacon89@seeded.app,2025-08-26 01:08:03
336,rapidyard24,rapidyard24@example.com,2026-01-09 14:58:33
337,ivorydelta49,ivorydelta49@seeded.app,2025-07-19 18:21:02
338,opaluplink02,opaluplink02@opswise.net,2024-04-01 04:05:33
339,youngyard82,youngyard82@seeded.app,2024-02-28 12:48:58
340,rapidharvest10,rapidharvest10@example.com,2024-08-09 02:10:59
341,forestwindow44,forestwindow44@hackstack.io,2025-05-11 05:37:41
342,cobaltpioneer68,cobaltpioneer68@opswise.net,2024-12-05 23:45:41
343,calmvalley56,calmvalley56@acme.dev,2025-08-12 15:35:59
344,navyriver68,navyriver68@relay.cloud,2024-06-19 07:30:24
345,clearkernel04,clearkernel04@relay.cloud,2025-02-01 22:52:21
346,tidycanyon24,tidycanyon24@example.com,2025-03-13 19:30:23
347,keenjourney61,keenjourney61@seeded.app,2024-09-14 04:42:59
348,opallagoon69,opallagoon69@example.com,2024-02-16 16:54:42
349,vividwindow28,vividwindow28@hackstack.io,2024-05-29 13:04:02
350,jadeyard32,jadeyard32@seeded.app,2025-11-24 10:48:26
351,livelygarden42,livelygarden42@opswise.net,2025-01-31 13:44:42
352,opalisland54,opalisland54@hackstack.io,2024-11-25 19:18:50
353,emberharvest48,emberharvest48@seeded.app,2025-01-30 12:12:08
354,opallagoon71,opallagoon71@seeded.app,2024-12-17 10:08:29
355,dawnmeadow93,dawnmeadow93@example.com,2024-12-17 08:00:58
356,dawnfield36,dawnfield36@seeded.app,2024-10-05 06:38:41
357,youngisland49,youngisland49@seeded.app,2025-01-27 13:34:02
358,clearisland10,clearisland10@relay.cloud,2024-02-07 14:01:17
359,proudlagoon55,proudlagoon55@hackstack.io,2024-09-28 08:44:21
360,briskmeadow87,briskmeadow87@opswise.net,2024-04-17 23:32:56
361,melloworbit20,melloworbit20@example.com,2024-02-10 23:40:17
362,warmisland14,warmisland14@acme.dev,2025-12-05 07:17:57
363,silverriver59,silverriver59@example.com,2024-10-12 10:40:49
364,urbanisland97,urbanisland97@opswise.net,2025-09-21 15:03:15
365,youngriver80,youngriver80@relay.cloud,2024-04-02 15:36:49
366,keengarden12,keengarden12@example.com,2024-05-02 19:01:41
367,embernetwork98,embernetwork98@acme.dev,2025-06-02 04:22:38
368,emberfield03,emberfield03@opswise.net,2025-07-04 21:25:13
369,rapidyard68,rapidyard68@opswise.net,2025-08-03 05:19:10
370,goldjourney89,goldjourney89@acme.dev,2024-12-16 12:59:45
371,quietmeadow06,quietmeadow06@opswise.net,2026-01-13 05:16:51
372,vividtrail97,vividtrail97@opswise.net,2024-12-22 08:18:33
373,goldengine80,goldengine80@hackstack.io,2025-06-01 09:10:20
374,cobaltzenith41,cobaltzenith41@example.com,2024-03-28 01:36:29
375,jadejourney73,jadejourney73@example.com,2024-06-23 13:57:03
376,silverfield36,silverfield36@relay.cloud,2024-04-10 07:53:17
377,mellowengine91,mellowengine91@opswise.net,2025-12-20 09:35:13
378,jadelagoon34,jadelagoon34@acme.dev,2024-03-25 21:45:03
379,warmkernel94,warmkernel94@hackstack.io,2025-04-03 00:05:25
380,youngharvest76,youngharvest76@hackstack.io,2025-08-16 12:04:54
381,dawnbeacon87,dawnbeacon87@example.com,2024-02-28 15:50:58
382,emberdelta58,emberdelta58@opswise.net,2024-04-10 20:34:58
383,brisksignal34,brisksignal34@hackstack.io,2024-06-25 05:54:36
384,harborisland11,harborisland11@seeded.app,2025-08-08 12:38:44
385,vividmeadow26,vividmeadow26@example.com,2025-02-07 05:39:32
386,ivoryengine89,ivoryengine89@relay.cloud,2024-10-31 08:44:06
387,clearwindow47,clearwindow47@seeded.app,2024-07-23 03:05:22
388,harbornetwork45,harbornetwork45@acme.dev,2025-01-10 08:23:54
389,mellowharvest48,mellowharvest48@relay.cloud,2025-03-28 04:20:54
390,urbanriver87,urbanriver87@acme.dev,2024-12-05 15:56:26
391,jadelagoon26,jadelagoon26@relay.cloud,2025-11-12 02:56:51
392,dawnsignal59,dawnsignal59@acme.dev,2024-02-25 11:41:54
393,ivoryharvest74,ivoryharvest74@example.com,2024-01-23 21:33:34
394,urbanbeacon22,urbanbeacon22@opswise.net,2025-11-11 03:46:27
395,rapidzenith60,rapidzenith60@example.com,2024-10-14 09:04:30
396,proudvalley31,proudvalley31@opswise.net,2024-07-28 10:57:35
397,dawnnetwork18,dawnnetwork18@hackstack.io,2025-10-17 17:24:15
398,opalorbit22,opalorbit22@example.com,2024-08-13 23:15:45
399,youngtrail54,youngtrail54@opswise.net,2024-06-21 06:08:02
400,ivorycanyon08,ivorycanyon08@relay.cloud,2025-05-05 01:30:35
